Webflow Slug,Image URL,Name,Experience Description,Category Name (from dim_city_category),City Value,Price per participant,Min number of participants,Max number of participants
glass-art-creations,https://assets-global.website-files.com/64efa831383dfe702db152da/6503a78345a8d52fcd12c52b_sbkmfkZhT8gCVcmPRtq3dZoX_K1sKrboQ4qL4nnv6ctAovhRB4Alt1tha_G-fYQ0ATGEcjjNKi4taZ5zN6j6BjvIV0RzU6tyT__etN1p9ADYi6rKhS9DWTqQe4RXmAt67-6XSu2zDJ-oBfBtv3MgWQM2BM8jVk7HcyCIqGZosYw.png,Glass Art Creations,Create a hand-made glass ornamentâ€”a perfect gift for the holidays.,Arts and Crafts,San Francisco,$90.00,5,50
create-a-vision-board,https://assets-global.website-files.com/64efa831383dfe702db152da/6553e7314d8285af69740d7b_PfM66t9GufirvRAPdBkEch1ezfXRH54bhxD9nnfeGGtKKgTZM1_a2VXTxKv7mfmOvhLGYPcg2YXxucVLH8MapGlARbUwiDLRtZrvfWTBSaXHM9MwduI4VgyEWjLfua8Z1SFaIQwybaz3w2-xcTfcM7eOXz-dMeCZp4q_e9PCU-U.jpeg,Create a Vision Board,"This class is about identifying what brings you joy and fills your spirit, and making a collage based on those things. Your collage might also include things you hope for in the future. Creating a physical expression of what fulfills the deepest parts of you, and what you want to bring into your life, serves as a reminder of what makes you feel whole and content.",Wellness,San Francisco,$95.00,5,40
mix-mingle-diy-cocktails,https://assets-global.website-files.com/64efa831383dfe702db152da/64f666f02f40a01bcd1f63ad_hUW8LQQFuGvJ0ldJjwbfXbgHXlqb1HP-h5FgSaQ5pFazOp4Xlv3ULlv-9slzBfhpgvtctiRjv5kjqHpQoMvFod4X8Sf1GPhVzguu-uKTD_-Ueme4bWhqW_80XfjI-QxF_xThC4rcSOQtXf_sorAfIkWX95W_OneAQGF1UzeOYWg.jpeg,Mix & Mingle: DIY Cocktails,"Ready for some cocktail magic? Join us for ""Mix & Mingle: DIY Cocktails."" Our cocktail pro will give you the lowdown on mixing epic drinks, and then it's your turn. With all ingredients provided, you'll whip up your own signature cocktail. It's a quick, fun way to learn something new and enjoy some great company. Cheers!",Drink Crafting,San Francisco,$150.00,5,60
cocktail-history-tasting-tour,https://assets-global.website-files.com/64efa831383dfe702db152da/64f666edd1986ad9909a95be_-Z4So44uQ-zs8Bf7uKJp7zXUnd_sLwKuPO-icJN3DxvxDx-sUEbJ3TZizE6CdweMNwNc3v-pomG-5gK8WAe4kFcpeV-pz_nOFGaSSYh8Sn0b9ivcH-qkImYA3lktVoSdZ0OkL4ijKKkUlmSa_3rN-Db8TAR0gTZ8mHJ1grOI-3U.jpeg,Cocktail History & Tasting Tour,"Led by a seasoned mixologist, you'll sample iconic drinks from different eras, learning the fascinating stories behind each concoction. You'll also pick up some nifty mixing techniques and flavor pairing ideas along the way. It's not just about tasting; it's about appreciating the art and history that make each cocktail memorable. So come sip, learn, and enjoy with your team or friendsâ€”here's to a night of old classics and new discoveries! Cheers!",Drink Crafting,San Francisco,$150.00,5,60
burned-treasure-box-group-activity,https://assets-global.website-files.com/64efa831383dfe702db152da/6553e0c0e6385ccd616d9348_A7DMc1EfK8TLkz4g_TX4z7NnigkHjvkXmokCCzMcKRUqperszqZw_mEaO6DG5ygjiuUNQ_DEy2lglie25V2t8idd0HMHn0BIerI9zNufh21ppq4ZK-c7vtsp9pHKh4SgRJNYo_r-uQRYbjCTVFNR6SzDs0rhotYWxtG74nWiw3c.png,Burned Treasure Box Activity,"In this class youâ€™ll be wood burning a wooden treasure box! Perfect for jewelry, knick knacks, love notes and buried treasure! All equipment is provided, and beginners are welcome.",Fun Skills,San Francisco,$95.00,5,40
block-printing-group-activity,https://assets-global.website-files.com/64efa831383dfe702db152da/6553e0c2d2509f7dfcd2406f__OK7rWwC_5aYmbdMO8tH95T-f7xAHlS91D0tR8LPGPpdRUTW9p82lt6ABj5D4oWx2qmWu4Amt50pAc8HnKHI7K7AAiKoDXDcxEs3IGSRvQI-aWVOYplAPoM76VIAdC0Sz05rjN66dwEIddh0sqePKqubkwHKoNgxnpMO39ld10A.png,Block Printing Group Activity,"Design, carve, print... VoilÃ¡! Create your very own custom-designed printing block, and thenâ€¦Print away! In this class, youâ€™ll learn the technique of block printing, and youâ€™ll leave with a super cool cloth bag that you can parade around town!",Fun Skills,San Francisco,$95.00,5,40
brunch-and-boats,https://assets-global.website-files.com/64efa831383dfe702db152da/64f6658dffb410046728f386_OU69W_7omVS9AiUNecE0Ibhh1tJnFIZAwBXBbQn1jlw5bSk4iK2XOgTZxyZF0RIy_E_vBQtlNGB0ezfKR4bFHj0mO_ijpzBcFK5gvxy6XIm0qNj9dwfg-IXdco4ofQnxj-1N9NmDmwpg7OCkO6xCOBtYVKLxOgO3bpirB-Ybwag.png,Brunch and Boats,"Get ready for some laid-back vibes, yummy food, and a bit of lake adventure with our ""Brunch & Paddle"" experience. We kick things off with a tasty brunch by the lake. Once we're all fueled up, it's time to hop into paddle boats or small rowboats. No worries if you've never paddled beforeâ€”it's all about having fun and enjoying the ride around a beautiful, calm lake.",Wellness,San Francisco,$140.00,10,70
coffee-crafting,https://assets-global.website-files.com/64efa831383dfe702db152da/64fb2f428fbc02123f98f98f_ztJeuvvF-53YDLIWzsZ1EFZXcRN4N0_wih3IQJDtByLTNZuZ9etOzoR6V-KSxjBVUf0F6fQCQUkPOyC3mDSWk-ZaH9lSm5aQJT-F8n1oF__3CXf8o2UbwFmofpmgOKBS2gAIfdXyWYa9XsHkenX2gpPnbPROsArT5ZicsoJszaY.jpeg,Coffee Crafting,"Discover the intricate art of coffee crafting with our immersive, personalized experience. We will guide you through the fascinating journey from bean to cup, allowing you to handcraft your own artisanal brews using top-notch equipment and specialty-grade beans. The experience is designed to be both educational and delightful, leaving you with newfound skills and a deeper appreciation for the rich tapestry of flavors and aromas that make coffee the globally beloved beverage it is.",Drink Crafting,San Francisco,$70.00,10,20
tarot-reading-session,https://assets-global.website-files.com/64efa831383dfe702db152da/64f6623f315da46d676178db_Sf2XErbXXk8dnh4PjEbOqUotjkufgJbgWPsB5sjVEhnaXynBbBKNwvskxggnMTR_nR7jVF0sCrEGeYAXnUoO4YwGpeD9B5LIanNR3_-uJ9HStiT48aZLyuQWn1MYf12yv9id_FT3WcH1SuM5ikDtQno8shl3rdBrBIoFHNKMBx4.webp,Tarot Reading Session,"Explore an enchanting evening of tarot readings with a 5-star tarot reader from The Intuitive Goddess Brand. Whether you're a skeptic or a spiritual seeker, you'll be entranced by the mystical world of tarot. Enjoy personalized tarot readings, group readings and tarot basics. Discover hidden aspects of your life, seek guidance, and connect with like-minded individuals.",Wellness,San Francisco,$70.00,5,40
brewery-tour-and-sampling,https://assets-global.website-files.com/64efa831383dfe702db152da/64f29f8c04d35f42dbd55511_I18R1uDuGIbxhn3jG3HLhgyBNNKLqKxSY9O5OGbudltiRlAI8-6mdTEEF2oVUXFE0fHzfkRYlAPobJPDCD2raC_qYG-p5EKpZoZr3uc58AVmRjhFtZcMHD5uHWgitNWIQlBgGOdd1CsOqZBzXCNWRxafyXsi08tzY86rsM7vS-E.webp,Brewery Tour and Sampling,"Join us at Dokkaebier, where the art of brewing meets camaraderie and good times. This guided tour takes you behind the scenes of our state-of-the-art brewing facilities, offering an educational deep-dive into the fascinating process of beer makingâ€”from grain to glass. We go on to sample a curated selection of our finest craft beers. Cheers to fun and craft beer!",Drink Crafting,San Francisco,$100.00,5,30
tea-ceremony,https://assets-global.website-files.com/64efa831383dfe702db152da/64f644ca37a15073081e0f3a_41kMyP-3ocWwuEgbl3Pjw6MBzqkd1OkI3IemsOxCLOaQB6Q6tZlmROJZKJJ7X8W40pN3Ln3W5l0YizNY-KbRCa1L0gsn66f9AHm_A1HuTM05uNRfAR7M3LJhZcfa-fhDTd6pBmzTr-CnqSfFzgvlcx0NXhPIzy9kM7HlBG-L5I8.jpeg,Tea Ceremony,"Explore tea with our Tea Tasting and Ceremony Experience, hosted at your choice of location. Our tea masters will introduce you to exceptional teas and guide you in proper brewing techniques. This ceremony blends tradition and sensory exploration, making tea appreciation accessible to all. Discover the rich history and diverse flavors of tea in this intimate session.",Drink Crafting,San Francisco,$140.00,5,30
puzzle-experience,https://assets-global.website-files.com/64efa831383dfe702db152da/64f662359bf1a4b96fc1e34d_USnPUwxG-9wfRjBH7Dz489wMTES4D5aN9ExgTHm1hEU17xOakrlnc9PxGYCMWz894sSDIvBWYKdr5Ns18TUaAMzgfjVjEnwH00OqXOxLMERhHbUraADq4BtmDbwZ9zI5uoFEtjkCXIRhrWwFEccu0xpR6Ey5pUx_MdWnjH7YlzE.webp,Puzzle Add-On,"Split into teams and gather around custom-designed colorful puzzles! Enjoyed with a glass of wine, a great playlist, or a movie marathonâ€”a Pezel Puzzle makes an ordinary night feel like a party.",Fun Skills,San Francisco,$16.00,5,20
candlemaking-and-aromatherapy,https://assets-global.website-files.com/64efa831383dfe702db152da/64f29bdbc6532786821c0f14_pMOpNwah_TuHgzi5M6bZKABEBy2oV8VZRDptuV3ybLWicsSqXR7H8EQ_OC7E7MlPTBtxzeL7KXNFKuPdklcWKv-jDTaxXEZyhl9Y5TK-6ohEFkrl1gWSrzBBe_GaWuroO1Eb31UJLAPcrCaAm0tlIHIqbMe1DQMWrQgrOxXjrok.jpeg,Craft Your Own Candle,"Dive into a world of aromas and teamwork with our ""Craft Your Own Candle"" experience. We will show your group how to make custom candles. In pairs or small teams, you'll mix waxes, choose scents, and pour your own creations. With all you need provided, your group will leave with a beautiful candle and memories of crafting together.",Arts and Crafts,San Francisco,$80.00,10,80
soap-making,https://assets-global.website-files.com/64efa831383dfe702db152da/64f2a6220be52c244e38bdbe_LSPYdgLeLIsxeHqalXa-JGf8Tbuf9KNF00qXQJxvuXZ26qB2_ZpwjmZlmwqcyJ2uRR2jfgaMUHeR1Do6PqMVJsBTarxR0nQs9DRwRgPMzB1TlomxYfEX4BOhCBvHhgX-QkadNV9erx5FWFiCEgi8dBeGZM1FpM3g64utsaajims.jpeg,Soap Making,"Dive into ""Soaping Together"" for a fun team event. Our soap guru teaches how to craft soap bars. In groups, blend, scent, and shape your soap. It's more than just soap-making; it's teamwork and problem-solving in action. Everyone leaves with their soap and shared memories.",Arts and Crafts,San Francisco,$90.00,10,80
create-a-mural,https://assets-global.website-files.com/64efa831383dfe702db152da/64f644c2140a11567cdc524b_mIBPJbz9yvgcE1m5kxPzuBJq5N7ZaO6RAagm4tfFdxoDmiEPhauW938mi9NZovZFllJviWg_71gv0GIQtUw4uvDLVFFg3yQrmK0DQbshqmqulQSnM_q2bTiyJ_NZua_82qVPZr-obijb5BEg-3ejZz8cnG7hGWOYpU4dwE1TptQ.jpeg,Paint a Mural,"Engage in our ""Paint a Mural"" experience, fostering teamwork and creativity. A seasoned mural artist will guide your group through the process of crafting a large-scale masterpiece. Team members collaborate on design concepts, color choices, and painting techniques, promoting communication and problem-solving. By the conclusion, you'll have a vibrant mural symbolizing your team's collective efforts and the lasting benefits of working together.",Arts and Crafts,San Francisco,$90.00,20,50
blend-a-home-fragrance,https://assets-global.website-files.com/64efa831383dfe702db152da/64f644c59bf1a4b96faff5dc_qKngamCROLDEMJbofsaTvYsmuj3FyLeMLmvtXnExs1WWyxNcmE863Mqh7Yz4sPyyC5YqaSAdWDLCZpUiQ1WhKs2BWFLzxJmCeqxQH1rLFLK8fgIb4cb5Dum3n3o-L5a_t5EVLXS9dsh652_TofIH4ns3s0ewPrU1qdX05ox_Z5g.jpeg,Blend a Home Fragrance,"Get set for a fragrant journey with our ""Blend a Home Fragrance"" team activity. Guided by a dynamic mother-daughter team, you'll explore the world of aromas right in your own space. Mix and match essential oils, have some fun, and create a one-of-a-kind fragrance that's all about relaxation and enjoyment. It's a laid-back, delightful experience that'll fill your surroundings with your very own special scent.",Arts and Crafts,San Francisco,$80.00,5,60
make-an-energy-bracelet,https://assets-global.website-files.com/64efa831383dfe702db152da/64f644c86302880df181a333_nLV3SeoAxWxgStodfoajGjwJaHF-ukPwx28qFVMWiVlUhvsuBpkD7REcbCLzlNgeGXuK9NNczJU0YxgU3rKENhrvKt_UMEzM7YL-9C0I86VC8z7w7hjsS2cUFBvNtrBhIBsSz6zAI0t6K8SgX5Yf5UM7PHl2SQJSSjmxY9ZbXyI.jpeg,Make an Energy Bracelet,"Experience the power of gemstones with our ""Create an Energy Bracelet"" workshop. Our expert artisan will help you craft a custom energy bracelet with healing stones and crystals. We provide all the materials and guidance. Discover the meaning behind gemstone energy in this hands-on, creative session, and leave with a unique keepsake that aligns with your intentions and spiritual journey.",Arts and Crafts,San Francisco,$30.00,40,200
design-a-cheeseboard,https://assets-global.website-files.com/64efa831383dfe702db152da/64f29b1afeb62bc1ab51dfbf_KEB7HYBHdnqdK9hMZ9syzWe1dPAjIh03Y34XAJ_lVR9D4g5HUaGZRloHwS_1z6aLhLoViCAngq4BEWgB8sIMMGZ811wQKsUNihg43ur8Q3KSMLEZJFJ0kOm54lzMTiIYmWc4BslxnLGd6IUTdEItm7uE5fUOnCYG5Qb3v_8Mrds.jpeg,Design Your Cheeseboard,"Dive into the art of cheeseboard design with our hands-on experience perfect for team-building or private parties. Our cheese expert will walk you through the art of cheese and charcuterie selection and arrangement. Work in groups to craft stunning cheeseboards, honing creativity and teamwork. Everything is provided, and the event wraps up with a shared tasting of your gourmet creations.",Cooking and Baking,San Francisco,$90.00,5,20
pizza-class,https://assets-global.website-files.com/64efa831383dfe702db152da/64f29b1c6b1c16f307e8ddc3_zQAfPcPTxujj5NbtCWnW7kKLYUlRDVBaq0mk3F8cZSmNv60qvqndTwJBWYVbiRVAH4MvhMRmRiN7LI6iT18OCuliBxeY_OrHxzETuwPxSUHIKJDBfU-0QlQNmSyFswMxlnlL98U-aBeTWTza1l7xvfKFoTMcBVJHrRxumQSeJjk.png,Pizza Class,"Dive into our ""Pizzaiolo Team Extravaganza"" and turn your spot into a pop-up Italian pizzeria! With a pro chef's guidance, your group will whip up pizzas from scratch, discovering all the tasty tricks. We provide everything; just bring your appetite and spirit!",Cooking and Baking,San Francisco,$90.00,5,20
pasta-class,https://assets-global.website-files.com/64efa831383dfe702db152da/64f29bc7f3530f980c81c92e_vW335xpE6bnWw1zQWbKxzT9eMuL--vWhLqkkcB3W_Xa20_un1NlREVbFaLkGl5YZRPlcvQRc8nad7xuIRUYNluLPJ5zGo3LoxA4H7C-WyJciWo8rOVX1iZw7RFQ6GgX0KCPPeECvV88wI3GEvCO_elYcuhy08EHiicZt7JQjUwQ.jpeg,Pasta Artistry,"Join our ""Pasta Artistry"" session and transform your place into a pasta workshop! Led by a pasta pro, your group will team up to create authentic pasta from the ground up. Whether it's for team-building or a private party, this hands-on experience guarantees fun and tasty results. We supply all the ingredients; your group brings the energy. Cap it off with a group taste-test of the day's creations!",Cooking and Baking,San Francisco,$90.00,5,20
moon-cakes-class,https://assets-global.website-files.com/64efa831383dfe702db152da/64fb26d927cb34fa3878ec25_kADoIXKNkUnca-lZiDdvLtXF5bECwADCNEgiDjtXOqoYuF8dW5VxgttyPfbhmKKyRt75T1raZ3buRO0GapiUy38VxVWurmKl9ngtl9wmU6p3LtkiNMqHdSpcPb-bF3WBCijOIVfpoHpgk7mcYbVcmnuXL7wM3NyBNL3DRD9MjDc.jpeg,Moon Cakes Class,"Join Annie, our mooncake maestro, and dive into the classic craft of mooncake making with your group! By the end of the class, you'll have: 8 self-made mooncakes in four tasty flavors, a goodie bag packed with pineapple cakes and almond cookies, your very own mooncake mold to keep the tradition alive!",Cooking and Baking,San Francisco,$140.00,4,20
bake-the-perfect-scone,https://assets-global.website-files.com/64efa831383dfe702db152da/64f299937f9ef0289ff683c8_939G-zKLFCDRqj-o5K8awAjggK0bf5YddmB_HTKNm4aled9QcjT-vDx3zQh6RYS5IlNZLeKCpE3-SUBe_g6vAmIX6QnnJ3vWbaGTSpd4LamWxtKaqMb4909z7kbBNrLKvMJWEspeAql1muO7MxXsttlfmlTUF0I14TedBQuD9o8.jpeg,Bake the Perfect Scone,"Roll up your sleeves and preheat those ovens for our ""Scone Mastery"" team-building experience, designed to knead your team into a more cohesive, collaborative unit. 
 

 Conducted in a fully-equipped kitchen at your workplace or a venue of your choosing, our culinary expert will guide you through the intricate steps of crafting the perfect scone. Team members will be grouped into pairs or small squads, each responsible for a different aspect of the scone-making processâ€”from mixing and kneading to flavor customization and baking.
 

 This event is a delicious way to work on team skills like time management, communication, and detailed planning, all while surrounded by the comforting aroma of freshly baked scones. 
 

 All ingredients and baking supplies are provided, and the session culminates in a delightful taste-testing of your teamâ€™s culinary creations, solidifying the sweet taste of teamwork and achievement.",Cooking and Baking,San Francisco,$100.00,5,20
calligraphy-workshop,https://assets-global.website-files.com/64efa831383dfe702db152da/655265cffa99b91b0b231ca4_twF27UUY_3aaczTYJFHCe3BQD3xskdMUW87em0nD9BIbIwLAiVszPQU_aOkA2el5idu1kUgPoHXJCiTsU_rGqsyAqikPb8H7lYLEzGFXv3IZFo-0N4nGQx4GnzrqOAs5dFk880xv3idxvmXCG9DqEsXPczr_Lb33oD5Y8E8fl2U.jpeg,Calligraphy Workshop,Beginner calligraphy workshops: learn the basics of calligraphy with a local expert.,Arts and Crafts,New York,$50.00,5,15
coffee-tasting-class-roastery-tour-24bf0,https://assets-global.website-files.com/64efa831383dfe702db152da/6553ea0d308d8f1072bb1770_xFucnbypMEw6UBG_aYz7TQRmyEBxr57lNz4TT3ptcC1UNlEQB5D1bGgYjXgUtOfDb10-WUmYlZHqLGPI5M-m-e1-kfH6ZucWcg8HUPQRq2anuAAdOcXWGQRmNpeLB_gc5im7CAqlC8ykpxWPI-jVatGx3eJZ7IzQzlbM5llIQds.jpeg,Coffee Tasting Class & Roastery Tour,"If you love coffee and want to explore its art and science, this is the experience for you. Join Matt Falber, the founder of City Boy Coffee, a New York based small-batch roaster, for a unique and cozy session at his roastery. Matt will show you how he sources, processes, and roasts his beans from different countries and altitudes. You will taste eight of his finest coffees and learn how to appreciate their qualities like a pro. You will discover new flavors and aromas and have a fun and memorable time in the world of coffee. Donâ€™t miss this chance to learn from Mattâ€™s passion and expertise.",Drink Crafting,New York,$70.00,8,16
make-your-own-bath-bombs,https://assets-global.website-files.com/64efa831383dfe702db152da/654ebacbbde513432772ab14_Um0mUKy3XzzXfEMFPT1qnnDMVShYfoWhbvxeYh9ryRey-pCgWvJ2Q64V4sJjcPHiMxGEcplM9XG7NIasP5VD2BttgVl4ZL8hrimyGSti3SnbwPu7lBAz5L7fkXhUyFw6ytrZKHVFpgwyCNJ1hKfn728oZY9P4Yu2GQgT1sdV8q0.jpeg,Make Your Own Bath Bombs,"Unleash your creativity at our Bath Bomb Workshop! Dive into the science behind the fizz, explore therapeutic benefits, and craft your personalized bath bomb. An experience that marries relaxation with education, you'll leave with a handcrafted piece and newfound knowledge. Let's create magic!",Arts and Crafts,New York,$60.00,30,55
natural-dye-workshop,https://assets-global.website-files.com/64efa831383dfe702db152da/654ebbc7d006e6ebaefae325_Dl_H8DluOF-3Nnu0QevAPVNdNt4JV49uyaBTt69XMVjOW8W_LxLTIpg2wlwKbYz4JEE9TpbNSWoYJYAxIMNgejMBGpb4t3z3XLkq5cDdzHl2HzEK2roXHK_hQmjm2z4FjwnfioCkPaNJfdyf8LB1YZpkJW3IVIKK-l6i8etQgnU.jpeg,Natural dye workshop,"Experience the wonderful colorful world of natural dyes. Create a one of a kind silk scarf and paintings made by you. You will learn about natural dyes, textiles, dyes used historically, and how to continue to practice the art of dyeing at home. This two hour workshop will cover how to bundle dye textiles and make inks using plants and minerals. Each participant will leave with their dyed items and an instruction sheet.",Arts and Crafts,New York,$115.00,6,12
yoga-class,https://assets-global.website-files.com/64efa831383dfe702db152da/654ebb8279e7814d9cc7f1d3_apuX_e_1PSO2wgHCEyeZa4RWe1-FjFHenItaO97ZlWppUdH-IzmXGlJiu8zi2EU-4JEuqK7wLJgRsncin3CzktriDo2PtrIQjmCAphyA8lSXfRUJyZHVo9h_WMe3y_4daBt7erVDZv8h2rzgHg_iXMfpjN5MWJLRIKHYUJbA42o.jpeg,Yoga Class,"As a certified Vinyasa yoga instructor, I will provide a 40-60 minute yoga session which will include meditation, aromatherapy, a sound bath and a sage cleansing. We provide sessions in person and online.",Wellness,New York,$50.00,5,20
art-and-crafts-workshop,https://assets-global.website-files.com/64efa831383dfe702db152da/653a7d2125f1fc29e4998eb0_c6FNaRbvqLzfIZ3vBlSCJhH5k9U4eZ3OGi1FChAsCphcM9kENK1qGNCf7uUhtzSGX5p-j7Ks8tSceG0-MICFUTGjFRM7LfHLXDyvstuSaiaRtLvAJfkb4nxV-5q1qK_OHxw0ASWrCEpz8vwC9b7DzogwJrJQgTrBgJ9ODL-YH4Q.jpeg,Art and Crafts Workshop,"ðŸŽ¨ Experience Artistry Unleashed at Brooklyn Paints Art Studio ðŸŽ¨
 

 Step into a world where creativity knows no boundaries, where each brushstroke tells a story, and colors come alive on the canvas. Welcome to Brooklyn Paints Art Studio, a sanctuary of artistic expression located in the heart of vibrant Brooklyn.
 

 Discover Your Inner Artist:
 At Brooklyn Paints, we believe that art is a journey of self-discovery. Our studio is a place where novices and seasoned artists alike can embrace their creativity in a supportive and inspiring environment. With a diverse range of art classes and workshops, led by experienced artists, you'll have the opportunity to explore various mediums, techniques, and styles. Whether you're a beginner or an experienced artist, we provide the guidance and space for you to uncover your unique artistic voice. We provide workshops from ceramic painting, paint and sips, tie-dye, crafting and anything art galore. There are no limits to what we can do.",Arts and Crafts,New York,$50.00,10,40
handmade-ceramics-workshop,https://assets-global.website-files.com/64efa831383dfe702db152da/653a7d2476cc8c517254631f_ilb2RIlMRjXulOaKYRKEz-YOChGcPzvx9yshrOiF-_MukAAhpPWpitPtbHUKjV4l1Rn-8zJ_kjTXBwzyTbdrW-Mpw1IE4oSQ8DIjVZSfDKfDN9xJAR_rayd7srhZyCq2NRT5PVKIbgMVc7Q78594l5n_EGi0dIo4f-myllniYTY.jpeg,Handmade ceramics workshop,"Participants will learn fundamental hand-building skills using stoneware clay and create their own Japanese-style teacup (yunomi), catch-all dish, or mini vase. They will be able to choose their glaze colors as well, and pick up their pieces in ~3 weeks after final kiln firings. All tools (to borrow) and firing services are included in costs.",Arts and Crafts,New York,$55.00,4,8
chocolate-truffle-making-workshop,https://assets-global.website-files.com/64efa831383dfe702db152da/653a7d25abeaa88685d03ebe_-DNGw3WC_T5AUPZd03u-aBLsp78gMIktY-dbU-xXZG3R9OGuK2YCwTIqLPYBKPX9Aaxlw83cek82RppAnxj32b4w8jtZ6BvVK2I3zEptVcxd7WJO1dun6nYrmzV4TFuYX0NsBIAtbi0vJErdMeDoh3zjVwoQ6pT8hiUQjzU-uQ4.jpeg,Chocolate truffle making workshop,"During this fun & info filled class, students learn a simple technique to make chocolate ganache, then we make various treats with it to enjoy during the class. Finally folks hand roll and finish a dozen truffles to take home along with their 'homework' chocolate ganache and a foolproof recipe guaranteed to impress friends and family!",Cooking and Baking,New York,$100.00,5,30
wine-spirits-classes-and-somm-services,https://assets-global.website-files.com/64efa831383dfe702db152da/6526b16865318e59397bdbea_pqwsB9ko2ISx4wu3seJz1sf2eF87I4AMU9V0CGOCcu3FEPDJQgb9yTapgQH_CHHWv-gsS9Dmp9oUVuESkbJ_a4-YBfRR2lkH2qBPtV7j2DF2gkEdrAgXatiOC49-3LidlxBGz0kucUoTdm1VxPJ4K1uvPxEPf8rbtm2SQ-g5gm8.jpeg,"Wine & Spirits Classes and ""Somm"" Services","8 Different Wine & Spirits class topics (especially Wine & Cheese Pairing, Whiskey Basics, Wine Basics & Beyond, Craft Cocktail Mixology, 0% Non-Alcohol Mixology, Champagne, and others). Entertaining and thoroughly informative.",Drink Crafting,New York,$100.00,6,100
earring-making-workshop,https://assets-global.website-files.com/64efa831383dfe702db152da/6526af6053ef83021da2882d_jcrvgn-lPOWwKnRkughkTjvsHVKmcU_5E6OplUG4JmzWDOzWvG6Kpf3xTOErV9A4yaxtfqnA6EY23wZQIg7MUYtOTpDKOtoFk_iK8MX3xvSdjIoTTwEMSW4Bk4ycWpCYAUJxISRKIJWIUlWZ7W_xKPEAaCTlSw_xKFjnDQLo1rE.jpeg,Earring Making Workshop,"Craft leather earrings using leather shapes in many different colors. Express your creativity and style, and leave with wearable art. Leather remnants are used for a minimal waste approach.
 

 There is also the option to create additional small accessories such as leather key fobs and tassels.",Arts and Crafts,New York,$50.00,4,20
mix-mingle-diy-cocktails-7fe7d,https://assets-global.website-files.com/64efa831383dfe702db152da/64f666f02f40a01bcd1f63ad_hUW8LQQFuGvJ0ldJjwbfXbgHXlqb1HP-h5FgSaQ5pFazOp4Xlv3ULlv-9slzBfhpgvtctiRjv5kjqHpQoMvFod4X8Sf1GPhVzguu-uKTD_-Ueme4bWhqW_80XfjI-QxF_xThC4rcSOQtXf_sorAfIkWX95W_OneAQGF1UzeOYWg.jpeg,Mix & Mingle: DIY Cocktails,"Ready for some cocktail magic? Join us for ""Mix & Mingle: DIY Cocktails."" Our cocktail pro will give you the lowdown on mixing epic drinks, and then it's your turn. With all ingredients provided, you'll whip up your own signature cocktail. It's a quick, fun way to learn something new and enjoy some great company. Cheers!",Drink Crafting,New York,$150.00,5,60
tea-ceremony-8b23c,https://assets-global.website-files.com/64efa831383dfe702db152da/64f644ca37a15073081e0f3a_41kMyP-3ocWwuEgbl3Pjw6MBzqkd1OkI3IemsOxCLOaQB6Q6tZlmROJZKJJ7X8W40pN3Ln3W5l0YizNY-KbRCa1L0gsn66f9AHm_A1HuTM05uNRfAR7M3LJhZcfa-fhDTd6pBmzTr-CnqSfFzgvlcx0NXhPIzy9kM7HlBG-L5I8.jpeg,Tea Ceremony,"Explore tea with our Tea Tasting and Ceremony Experience, hosted at your choice of location. Our tea masters will introduce you to exceptional teas and guide you in proper brewing techniques. This ceremony blends tradition and sensory exploration, making tea appreciation accessible to all. Discover the rich history and diverse flavors of tea in this intimate session.",Drink Crafting,New York,$140.00,5,30
coffee-tasting-class,https://assets-global.website-files.com/64efa831383dfe702db152da/64f88acc706bfecbec025a28_412qOePv99uw9F-ZEnHBOmEW-fMhJDO2kKkw6z5tvPL3XAld_2kENsYeVqdqj0mtwmsKpxWNPsPloi0vtXa7p1ZDElqTJdk4l4LXBIM52ogVNPWfWzGq8szrn873kAFn_jKiV0EaBNCS89FfwCEOtk4NrF_eMyIShWpAnnYw9s0.jpeg,Coffee Tasting Class,"Explore the world of coffee in a guided tasting class. Dive into diverse flavors and roast profiles. Elevate your coffee knowledge and palate. 
 

 Introduction to coffee making, followed by a tasting of different curated blends from around the world. Remote participants receive a kit prior to the event with different blends. Pricing depends on the # remote participants because those require extra packaging/shipping costs. The below costs are assuming everyone is in person",Drink Crafting,New York,$80.00,10,100
granola-tasting,https://assets-global.website-files.com/64efa831383dfe702db152da/64f37d9d7afefec4f7ebb4ff_upla6Mo-KIMrP7bu-DGraxVP6SPEsl09AXBPQwnXsYwhK8U-LNmH_lZxK3xhNpX-ZMaNFiDR2e-TLFa9OMvCsfuyWC2hV2h1biS44SvChKIlserlQdkkrHzujqgV3BsNoyOcUxZjoZfWq2dzX5eUVZPvjvCPdkHo8MvTaODRgLU.png,Granola Tasting,"We guide participants through an exploration of various granola flavors from traditional to exotic. They'll learn about the diverse ingredients used in granola recipes, including oats, nuts, seeds, dried fruits, spices, and sweeteners. Guests will walk away with a pack of granola.",Cooking and Baking,New York,$20.00,40,1000
guided-meditation-sessions-combined-with-aromatherapy,https://assets-global.website-files.com/64efa831383dfe702db152da/64fb2ea199f956362ad921cb_EasfhDE0Jr8iDSm-JbT8wfAnGiCm8-utbwUtT56JWUPXpuY8wQKnTICqmaL9KMjGrW7ZVRWuQ9lJsUb607Fv3Dpk3SOAZnIZ_QH7LGt8CqEdiOp6jbXu3KuAStg7nRBJNmBPFcNzVIHuRhmbs57-8xo-XHgLr_XZP_a6P1u47kM.jpeg,Guided Meditation Sessions Combined with Aromatherapy,"Jasmine is a meditation instructor. She offers classes called Inhale, Be Well, which are short guided meditation classes combined with aromatherapy. Participants will learn how to connect with their bodies while enjoying the therapeutic effects of essential oils.",Wellness,New York,$70.00,5,60
letter-writing-workshop,https://assets-global.website-files.com/64efa831383dfe702db152da/64f37da6588b7235f3bf9e84_LNaSa05mV2ByvHMKMS9MqnAS8KuQ7IrJ1mgLS6DQlGX-dPVdNslXWCHeVJpiyPbdr5HmaPbtirt3EaQH7ZrpkfNmdxAGEKXJLkq6El3btO5_4lxZ3ztOA1Jn6AUlsRCKAf74Eo2pZ3stS7YpD1Of01Fgoy9JbY4NQWk7RDYsr5s.jpeg,Letter writing workshop,"Weâ€™ll use this time to slow down, reflect, and write letters to ourselves/our loved ones. Option to have writing themes like letters of gratitude, letters to elders at a senior center, or letters to our past/future selves. Writing tools will be provided. All you need to do is come relaxed and ready to celebrate the power of a handwritten letter because small gestures can make the biggest difference.",Wellness,New York,$55.00,5,100
vinyasa-yoga-class,https://assets-global.website-files.com/64efa831383dfe702db152da/64f37da920766fc3c76603ae_WB62f999itxoDIzxQOWmukUtFAcasqLpmaztbvEIvz4XhLb1SZQT1hpODIyrf4VDMjGg9oeRduhnhIzwtYnHRiCoMJ1XQwtv0-BqP2IoJjM95R1F1e6yw-X5Ww6-vyJ650HtDiWCGd81_s0rXo_0HF0WexcQ2eC3X29yKsOp4bY.jpeg,Vinyasa Yoga Class,"Flow through dynamic sequences, connecting breath with movement. Enhance flexibility, strength, and inner calm in this rejuvenating Vinyasa session. Perfect for all levels, from beginners to seasoned yogis.",Wellness,New York,$80.00,5,20
make-your-own-pie-candle,https://assets-global.website-files.com/64efa831383dfe702db152da/64f37daa889e1b50783c8a94_bwnuIO8UcVOlcojE-y0_j_ABd-bcrAc4QzULLyqg1S6v4uj3aq3OplDsmmGFDKpwSqZgmZfGyVClNFX2SfbfNYbnPPG7og9racMdMR0Ivupej8mRQ7v90poaQFdW7c5a7DQGCPtOhwPbF0wCRqoFWJifU-KzrRBto43QOQDkzmQ.png,Make your own pie candle,"Dive into the art of candle-making by crafting a unique pie-scented candle. Combine waxes, fragrances, and colors to create a lifelike, aromatic pie candle that not only lights up your space but fills it with a delectable aroma. Perfect for dessert lovers and DIY enthusiasts!",Arts and Crafts,New York,$80.00,5,12
tie-dye-indigo-shibori-workshop,https://assets-global.website-files.com/64efa831383dfe702db152da/64f37df5588b7235f3bfe4dc_iIlYb__9CgpUBtnfSYz_rLAyfxcblG-x2AgJTSAE026I4ei4ATYXHg1Hqx9L4OJ9palXO5GwqI2TtY0bwzxNeOoVAPbDhaqoEb8crtnWG7_5xRECTQYldxB2bJmnrYWK3DKltZBwitzkyV71LmBJ_DAT87ar6lf6-xWif9u4T-Y.jpeg,Tie Dye Indigo Shibori Workshop,"Step into the world of traditional Japanese dyeing with this Shibori workshop. Learn the ancient art of folding, twisting, and binding fabric, then immerse it in vibrant indigo for mesmerizing patterns. Walk away with a one-of-a-kind textile creation, rich in history and beauty.",Arts and Crafts,New York,$90.00,5,20
tie-dye-workshop,https://assets-global.website-files.com/64efa831383dfe702db152da/64f37df6461e6a1729c6e353_ghv8I1d8XJ59pE40bm2mdeZX-URyuJOH-gdAiXUUGLG0bIhWGSe5rTL2EUckM5beZA9HsH9_AA0sjjgIQrFKhj2ID455e1Pjg8x5Eydah9360X3db0LFwWg9iE31jE0zUqbAntNtG96gPVR4jS437VhyWeSbpc2jWqIsvdJl9tk.jpeg,Tie Dye Workshop,"Dive into traditional tie dye techniques! Tie dye a shirt to take home and enjoy. We will go over multiple folding techniques, how to apply the dye, how fix the dye and laundry instructions. This class uses high quality dye that will not wash out. This workshop can be virtual or in person.",Arts and Crafts,New York,$90.00,5,100
private-monocake-making-class,https://assets-global.website-files.com/64efa831383dfe702db152da/64fb238df1d70fe84511fc0f_Cuk_VtgEqhDZ7-o6-T-WQ-sjbgp2DwpmGHvFUVvnNeIwIjQ62Me4gKKZygZYoedngz-LtFYN2jGGqJtaiCPRbnlwqd3c8zhBCKePE--0xQf8DgByrsG6NYSxs11RFh7smje7I-5IyeUkOhYausaE38DBGKTH1fHibqpnzuwso_8.jpeg,Make a Mooncake,"Embrace tradition and artistry in our hands-on mooncake workshop. Learn the ancient techniques of crafting these symbolic pastries, from the smooth outer layer to the rich, flavorful fillings. By the end, you'll have your very own mooncake, a token of harvest, reunion, and sweet memories.",Cooking and Baking,New York,$130.00,5,60
make-your-own-herbal-body-scrub,https://assets-global.website-files.com/64efa831383dfe702db152da/64fa189c3fb26dc09b73c6ae_S2PjhNFfRdnLqAfcxBW3viNxAWSsXZplXcWU8yp1haCB1a9gscY5UxBNzWd1uIAIXssbOxsC4EYR9Sj3yQUSganlLiVX5OFQVmYomRM8sj0ZXyIsELUjmiCWuRcck6_Ac8yZH8Wmg60F0dGmMG-NjP0cCyEQSyhGfcYh_ajuD7U.jpeg,Herbal Scrub Hub,"Dive into the world of natural skincare and craft your very own herbal body scrub! Mix, match, and blend aromatic herbs and essential oils for a personalized skin treat. Get ready to exfoliate, rejuvenate, and glow from head to toe! ðŸŒ¿âœ¨",Wellness,New York,$85.00,5,30
synthetic-dyes-laboratory,https://assets-global.website-files.com/64efa831383dfe702db152da/64f37dfd889e1b50783ca130_7YqzZJXBlGiP_ouFJr7o9FhS90MVrGilo5eOkVW0-aPCFFDyUqiRmFhWo5xuUt17L7W3Ro8Pz5-rvzxfgZTpM5sL4YAF0WRYN9mAc2VPCdQ7VlBFOJOWexUav4MHutLa71JJvseS1FHKvSuT09Iia6n1YKAa8-txW47HtpbzTb8.jpeg,Color Lab: Dive into Dye Magic!,"Unleash your inner color scientist! Dive into the vibrant world of synthetic dyes, experiment with hues, and craft unique shades in our dynamic dye lab. Perfect for both beginners and dye enthusiasts!",Arts and Crafts,New York,$90.00,5,30
candle-making-workshop-1ee11,https://assets-global.website-files.com/64efa831383dfe702db152da/64f37d57226a235fae753a03_j2e2JO5ZrXzMLF03Tj2jK9vlki2K7wu-hMe6YiUNoWcZsFA4Jk7WVCZ_P_kzK-6LmuNg2UpEoCNBTLdRbdGtwK_-etq4tFW4bpmV9hRVni4G0fr-jab6cMebSTypdWEKXORqibKBAo0wWEHpwic2jtWOkfbpl7bLD5tRDYz5t5w.jpeg,Candle Making Workshop,"Unleash your inner artisan in this calming candle-making workshop. Learn about the intricate process, from selecting the right wick to infusing fragrances, and mold your own unique candles. By the end, you'll have a beautifully crafted candle to light up your space and elevate your mood.",Arts and Crafts,New York,$70.00,10,80
candle-making-workshop,https://assets-global.website-files.com/64efa831383dfe702db152da/64f37d59c09346584aeeb239_xb_ZBPC27w8-OBcRJ30aBtMr1bk26_yGALfl00IZ5jGrP9AZbIywbE-1_CjuK5K3t2npO34HGAkLHynZeWPx39cxaktqQVOewLipef65kyMpALZq_0FCwDnM5CeFgFuk_Y0cBzPcdLOQT9cxAi5nwG6s7t7uDKsqTqUKa7-r1Tw.jpeg,Candle Making Workshop,"Dive into the art of candle-making. Choose your scent, set your wick, and pour your design. Leave with a handcrafted candle, ready to illuminate and inspire.",Arts and Crafts,New York,$70.00,10,80
bracelet-making-workshop,https://assets-global.website-files.com/64efa831383dfe702db152da/64f37d73e4bcb1d924c1150b_5s4fO_felXbdDAW7iNjZ2kynnxgxX7FVn8S7a7m-qFC-36r7Pa0ZtLU50L3XXf9vHwX6SJC-kRCW0UlTDubL7DCsiDx5TWrCDk9xRFsBksrn-AWWxtbKBAkmBpfp4YVJ40WQk0c02bNLItdRZVH35cf5cwoZQqSNx1HePWZvURw.jpeg,Bracelet Making Workshop,"Craft a unique bracelet from a variety of materials and charms. Express your style, learn knotting techniques, and leave with a piece that's distinctively yours.",Arts and Crafts,New York,$50.00,5,20
intro-to-tufting,https://assets-global.website-files.com/64efa831383dfe702db152da/64f37d77ec8a2e9228bb16cc_GBuJBTj6xTk5QV_qCL-6SOlXjU2Fk3WrvfmzEy4wzXStetyHpH_Lbxz3N8sGmU5tW20BX_eZHqwVQ1OQwMr5GBK2hoVz1Dljq13mWVSfvAqahyHFAggbgVha8f9PTiOQ0AHhxaOiTMhV93BoLTyZbzBdU_3b_z_qHJHfMbDZeRg.jpeg,Intro to Tufting,"Discover the art of tufting, a method to create textured fabrics. Dive into techniques, tools, and patterns, leaving with your own tufted masterpiece to showcase.",Arts and Crafts,New York,$160.00,5,20
fragrance-blending-class,https://assets-global.website-files.com/64efa831383dfe702db152da/64f37d7811e817b474d5c1a3_NKbsauc0jfPKhuDVydMvEu6xhCwy8WuY9NxQ92nN9wVc_fJPeZkCu0HuXy_MvwKtfM5vM-9H9gtWV1DXmv0GUlWtBjRMsa6tyfjz1cy--kjP_9spGWCjNbupU1WSe74yWjUc8iDKXW5PV2bzc9TIm6_xkEB1wiyLqogJUwm3igI.jpeg,Fragrance Blending Class,Uncover the secrets of scent blending. Mix and match essential oils to craft a signature fragrance that speaks uniquely to you.,Arts and Crafts,New York,$70.00,5,80
bubble-bath-bomb-making,https://assets-global.website-files.com/64efa831383dfe702db152da/64f37d7ded1b290d856bf525_HGSEjngfDkHISVBge1r7hReYfRNDoYdtZZHWBUEvJnX2GTqBt8Il-xh-gD1O-qHMko8Ri2EYQRGlvbMG0bkhR60sfrLomSkoKtOJs41mUk3mga1q4DlSJLzd0S9jQaqUFcN3oJjNZ1qK7C5H9sdvXYIrip2ttUG8PSf3yA4Qezk.jpeg,Bubble Bath Bomb Making,"Craft fizzy, luxurious bath bombs. Mix, mold, and scent your creations, turning every bath into a spa-like experience.",Arts and Crafts,New York,$50.00,5,100
soap-making-bacf0,https://assets-global.website-files.com/64efa831383dfe702db152da/64f37d7be4bcb1d924c116d1_TY7jU-497dps2JH4nW4FxqjYYfyH5V3Cn84tkeftHKUSx_QWlBc8pTPTf-P2fybWt_e3QTJOUVG8N_0Eli4vDIBSY2HnO9qnYWdnt6xNkbNRynSxj_VmZZTW3lI9ORncyD6D8aLfUhI7FTmn1WDC3cCRMC5AF3EBWZGf8g5JW54.jpeg,Soap Making,"Discover the art of saponification. Blend, pour, and mold your own customized soap bars using quality ingredients and essential oils.",Arts and Crafts,New York,$100.00,5,100
latte-art-class,https://assets-global.website-files.com/64efa831383dfe702db152da/64fb457bce6ea2505f5f4adc_4x-LPV5A89r8LandKavqBMygH2bdB8wxiyJCUncUjDS5JadT4AyozpoX1MT2JQhIXnDA0RZPiSmXVoiS_K9HJpOjmtkzvjlYJt6swt-JTJxLcLspdElw8xM5rvTPUqVnxP7rJcAUdDfXeFrOK3041j6SA3F0RFImhiZxt4PPNwA.jpeg,Latte Art Class,"Master the art of coffee presentation. Learn to pour beautiful designs, turning your lattes into visual delights.
 

 Includes an introduction to latte art and its history, the tools needed for latte art at home, an introduction to the science and technique behind steaming milk, practice steaming milk, then a lesson on pouring hearts and practice pouring hearts.",Drink Crafting,New York,$150.00,5,12
magazine-mandala,https://assets-global.website-files.com/64efa831383dfe702db152da/64f37d8120766fc3c765d8ec_ivsYgvzQByUy3XHc7yyMDliS23_sCTgNFAymI8m90tM5ETy7Z28RT9txwUc_UxKourgm2pivsi4pUVF9wZf48t9cFQeqETon3bO_8O7HXwNIiFT4662OA0MR5xv2jh2QXRt8_p_6N_SCHVlbJIrwsywnHJ5KzHemZy1_2U1cPFs.jpeg,Magazine Mandala,"Unlock creativity with recycled magazines. Learn to craft intricate mandalas, transforming pages into mesmerizing patterns.",Arts and Crafts,New York,$50.00,8,50
gift-wrapping-workshop-or-gift-wrapping-service,https://assets-global.website-files.com/64efa831383dfe702db152da/64f37d8520829d90f03213d1_pdXdx2Kz4nr7CxdjjZDZxBILcHubqQMS8Y580G6KVq6gdeWVHfNepJ7lLOXCZYwT-GS1pKNvnmfNJ88SK1cwaVRqerHhWW8NJOtiNrOTOWhgiZYfETW5AuJDS5MFMs8i5A5rVMh0B8BeCKe4_QCR0RPqQ5AOdKCvOXO2qjv89bc.jpeg,Gift-wrapping workshop or gift-wrapping service,"Master the art of presentation in our gift-wrapping workshop. Dive into techniques for bows, folds, and wraps to make every gift memorable. Alternatively, let our experts handle it with our premium gift-wrapping service.",Arts and Crafts,New York,$75.00,5,20
personalized-bathing-salts-soaks-body-scrubs,https://assets-global.website-files.com/64efa831383dfe702db152da/64f37d872de9ffa29bf510cd_CxPMsGLHGhSWAxmee3myG80RMFrE-ezl40sBG-NksdkYo6Clwjcu-JqrMV6dEj8FkAQtkiD6nUWVuIYlCWVwFH2JRt8GepLuMMZBeCuNvrGT4IlGzUhJ_0U4bbZF6a4WaFBa1229Mdn00iuiPM8FqPObz-ILqHxbVKT9XbBDxAQ.jpeg,Bath Bliss: Craft Your Spa Experience,"You are in complete control of what goes into your fully customized scrubs and bathing salt blends. Enjoy personalized guidance as you choose from over 60 different salts, sugars, essential oils, fruit, herbs, clays, and more to design a perfectly luxurious skincare experience. Selected for their unique mineral profiles, our ultra-premium ingredients are neither processed nor refined, are additive-free, Kosher certified, and harvested using traditional methods. This two-hour workshop includes a Recipe Guidebook and Essential Oil Sampler Kit to take home!",Arts and Crafts,New York,$70.00,5,60
make-your-own-bath-bomb,https://assets-global.website-files.com/64efa831383dfe702db152da/64f37832b2545f3330d76b09_HT4lG0yD1D_T4dgbP12W5aJxtfR9rswEFExz4E2zKdajYH6RyeP2Xf0mzAuiaACKI6o5WXq62xxUiVKXm4NWoIZGJEDH5jqnuHT5IP898ItKdgBxm__U7GpOWWpccT5mf5xlFyT1n_pL-SNeNs6pzrlXIuiVsQYyzguXdfaMfEY.jpeg,Make Your Own Bath Bomb,"Dive into the world of relaxation and self-care. In this hands-on class, discover the science and art behind creating personalized bath bombs. Mix, mold, and customize with colors, scents, and ingredients that resonate with you, leaving with a fizzy treat for your next bath time.",Arts and Crafts,New York,$70.00,10,80
sushi-class,https://assets-global.website-files.com/64efa831383dfe702db152da/64f88ab605ff6ec42c6d48e7_btKK--lrAOSifzCd5JBeYXHmJx57CGNkxtu3RB4la62q2qpZswALqwUo00S3XDQUTk8kgVw0b6JXHikpw4hR0ixr9RMTYBPk91j7qrrpRVA12tU5ZhW5WM5K0g-TdqakpdkrUqeolI1O5_8c5WxLF9eW86Dy66NDahK4jaWUYTU.jpeg,Sushi Class,"Dive into the art of sushi making! Guided by a seasoned sushi chef, discover the secrets to selecting fish, perfecting the rice, and mastering the roll. Leave with newfound skills and a palate pleased by your own handcrafted sushi delights.",Cooking and Baking,New York,$90.00,7,30
delightful-dumplings,https://assets-global.website-files.com/64efa831383dfe702db152da/64f88ab8ee88133e989cd95c_hYumbv06WsfEmvXp7PFm2o5w9EG5hDoFvEq7XH7kN5DBQPaD1sBmIHtaoafKQuodDJ7yt9Lx_wn0r6IjlDvfY4uUvIXradSx5bTr2-AUS3Jb6SbE84EGwXFQPen4cNH9XwfFLo-aGjle7FaClahdMMxXlR_JF0K-HuOBNh50DXA.jpeg,Delightful Dumplings,"Embark on a culinary journey exploring the world of dumplings! Learn the art of crafting dough, choosing flavorful fillings, and perfecting the pleats. By the end, you'll savor the taste of your handcrafted dumplings and the joy of creating them.",Cooking and Baking,New York,$90.00,7,30
homemade-cookie-baking-class,https://assets-global.website-files.com/64efa831383dfe702db152da/64f210a2b967f82f149a4e1c_0Td5Kst8QYmLUkq12_W-278FfLYCuDO0Pu9EQ5upH7JA-ubCrFLE8UrXb7EY3MBUVHiz0op3m9Nvit3VK62ze2q4sS09SOI-B0DmQTKrwBQO5bArdNwpjH4Tz7qR9N8C5AMX60jsdH_bEasbRxuWuL2bd9S6jwsejRlPujZyQ_M.jpeg,Homemade Cookie Baking Class,"Experience the magic of cookie making! Led by a cookie connoisseur, uncover the techniques for crafting the perfect dough and achieving golden-brown perfection. By the end, savor your creations and arm yourself with recipes to impress at home.",Cooking and Baking,New York,$90.00,7,20
italian-pasta-class,https://assets-global.website-files.com/64efa831383dfe702db152da/64f1f44fa3e36dcbd049c5c1_KUJ0oczoXvDaD_yGH_YMYElYbMDgSB7fj1L4zs4jqspoTFSSV0QjI2e-CiLbmLIvTmNWQLUf7bib52Yqv1FrhkbIBJruFF2USg4d1qktyNF2pia6B3wphPzaQSPo8vJggey4AI6-wbrCBJ887lom3N_bXAN_LGjjsXfi_Xr2PGA.webp,Italian Pasta Class,"Master the art of pasta-making with an expert chef. Learn to knead, roll, and shape authentic Italian pasta dishes from scratch. A culinary journey that promises a taste of Italy in every bite!",Cooking and Baking,New York,$90.00,7,20
thanksgiving-special-pecan-pie-class,https://assets-global.website-files.com/64efa831383dfe702db152da/64f1f4539ba75f99e25a4470_akP2tCL2cwUYxDXQGs3ADSvgeN_DBfWYfaOeZHZ0hPcJt5AhetHrugwfQdUXYPD-TDU3_RlEvav7gDWwXcVuz3I7faXjB0zFAqR4uMKf_1T7L-anGPz_NO-A4bDnoO-EtLSxklDKcs2N_WDpXx4UEXn2FQY58A9pnJD8qM-PQCQ.jpeg,Thanksgiving Special - Pecan Pie Class,"Dive into the flavors of the holiday season. Under the guidance of a seasoned baker, learn the secrets to crafting the perfect pecan pie. A festive experience that ensures your dessert is the talk of the Thanksgiving table!",Cooking and Baking,New York,$90.00,7,25
chinese-dumpling-cooking-class,https://assets-global.website-files.com/64efa831383dfe702db152da/64f1f454a3e36dcbd049cd99_Y2AOdulWJBKGXOy4DmK35Xz5pYnGfqrX38aF0MUe_kQscQJAXx0fluD07exVVQpfToxxbht7GFj1Ouo8qxjSeDn7r2m3MCkVpV69PKQ-3MbvBhRhiTuwVIwyT_PkIQVjF3A4sUQB1JAnFdD4qdn70eTAkgwAOHJdWATV72sZlWs.jpeg,Chinese Dumpling Cooking Class,"Master the art of authentic Chinese dumpling-making. Led by a skilled culinary instructor, explore the techniques of dough creation and flavorful fillings, and finish with a taste of your handcrafted delicacies. A delightful journey from dough to delectable bite!",Cooking and Baking,New York,$90.00,7,25
cupcake-baking-class,https://assets-global.website-files.com/64efa831383dfe702db152da/64f1f45900918d13bbd01d9f_CeqnaA2GY2pk27u-2rpRK4yV7D6Juz1tOh4HMhfmOXm31qEnlwMk86scdfLMH8lFm7nAhbLQKd793qkUeJQJ9uH08j0YP9lMt9AyAfH_kX-ETzvhxbVzJ1PLiZ4drGRMRSuMm9-oU07cycSRy7RXM2a4hO0m_chXWxUsjKma-fk.jpeg,Cupcake Baking Class,"Dive into the sweet world of cupcake creation. Under the guidance of a seasoned baker, learn the secrets to crafting fluffy bases and luscious toppings. Come ready to mix, bake, and decorate, leaving with delicious treats and new baking skills.",Cooking and Baking,New York,$90.00,7,20
catering,https://assets-global.website-files.com/64efa831383dfe702db152da/654eb699190d9b5f0f3de970_efhxPudVD_cXHwu7uCOEYHr9CNEkklc55c2igQx8YGR6uhibWIHnop_Xp7vOMUKm7hJf5uavHI6prGdvpa82LjgMznZ93iNc-vlFKtW4ZEO3kzVnEESIJHF6nKaJXJ3fgaNiCdSEvyWFe9oZNGkmI9n839_MK3tgHRISuiapmiA.jpeg,Ice Cream Popup Cart,"Solo Scoop Creamery is a Black Woman Owned artisanal mobile creamery based in the heart of Brooklyn.
 Our exclusive flavors are inspired by our owner Dennineâ€™s past and future solo travels.",Add-ons,New York,$21.00,50,200
sampling-catering-crunchy-mushroom-chips,https://assets-global.website-files.com/64efa831383dfe702db152da/64f37da480ec80e9645d7be3_EBkLhB40VspMOHiEOBsp2FCctE7eU8yP6do-F1MppYZRnZacxrnfOczYsXxdHlLOsC8A4kjy1DMbRU9bZ5JSLpCHDVFAGirs-D7eAuuK5F-uFD-ybKYA0jWtCMvDadG0h_KfUb2BoF4APTMeIxJegE0VptRiv9-BxaQKSQIUl54.jpeg,Mushroom Munch Fest,"Indulge in the unique taste of Crunchy Mushroom Chips. Perfectly seasoned and crispy, they're an exotic twist on a classic snack. Available for sampling and catering, making any event a gourmet affair.",Wellness,New York,$30.00,50,1000
coffee-tasting-booth,https://assets-global.website-files.com/64efa831383dfe702db152da/64f37d9fd6d401c552a5a2e3_Wrl5_t-m_3A1R9UVmzOSRaZZLvkjwCfvsmqYSbgkweBf1zdllQzpcLgDnbffA45bBx8i2Jw5r8MsFmz1xPj5In9vrYWezsq9dne9Dg-h4-7nLYLAwNvcd4olD08n6YFDYmJeKCzlGvBgheOYyGaT57RuSpRkaVCx-TM56OhdAaM.jpeg,Coffee Tasting Pop-Up,"Our tasting booth explores four contrasting coffees and helps guests to appreciate differences such as sweetness, acidity, body, and flavor notes.",Drink Crafting,New York,$19.00,20,250
earring-wrapping-and-bow-tie-tying-workshop,https://assets-global.website-files.com/64efa831383dfe702db152da/64f37d933db9b3c7f27f9e8e_AA8K9sj-x0Y01FkkJFWr5kORGLf1RTJzc9lhftdFQGj7h5jzGMYwhoSkuIbQj8gDeBD4p4zNolznsflCMxng_OtXAaROGcY564hI9YWMQ3AQspgmgspmqDvFSbZo0kXhhwxe4qYWYtEzFCef41auYrYeoqeewASQ6TsFN0Cc6Ck.jpeg,Earring wrapping and bow tie tying workshop,Choose between designing your own one-of-a-kind earrings or selecting a bow tie and learning how to tie it perfectly.,Fun Skills,New York,$70.00,5,20
diy-shamballa-bracelet-copy,https://assets-global.website-files.com/64efa831383dfe702db152da/6513560f71a8c523729c7141__tyO_P2-hFm_omhdBFbnkBVtyKds1VjR1unMCIFQpOf_1hFbN_nKg3Y5odGtY38JaBcBIrRL8UaisxSV5gljXmOideUR0BYLyOhaayIPTLPObtbonjwAn-R-0GNnNhV8qk3SFvolsc7PJvBcFCwI16DMmnNQhx_5Ltc4opvbZoM.jpeg,DIY Shamballa Bracelet,"Discover the art of Shamballa bracelet-making. Combine beads and knots to craft a stylish, spiritual accessory. Embrace creativity and leave with your own unique bracelet.",Arts and Crafts,New York,$75.00,10,40
ice-cream-pop-up,https://assets-global.website-files.com/64efa831383dfe702db152da/64fb1884ddf46766e6a7615e_HWbN3_dPso_BaP9kH00dtWsgvZ5ICbVfSmvXOd8ut8KansWqxgFXwkYJ9QWcXeN22a6t0-tOhNf6Z_sQ4-VVna_OkVCBDiTN3an8JpG8trtmeByses-iwEjr96ID6P6RC8EAYwzA0l-Cq1mwh6jh_BKhwS5FVTkGMQEBSdTvNMg.jpeg,Ice Cream Pop-Up,"Whatever event you are planning, add a special vibe with customized cups of ice cream! You can take your pick from our wildly creative range of flavors. We'll deliver the ice cream in coolers so you can serve it throughout the day.",Wellness,San Francisco,$12.00,100,1000
hands-washing-class-for-kids,https://assets-global.website-files.com/64efa831383dfe702db152da/64f37da86a59325a66e75b50_8tmudcMfrigw70zBAbUiTKSbIUq1X3WpMdxKDJ2C9XQfLcYsSKKXHDt5XNnSTeJpGX9oMx2aSzXjOR2nOYrniJEBxIGeJ6HKm3Sag0D4nxRJYgznL3RCujY9u89X1Hy48ymxzI2e0f4cA8TGOOE57HfmfYjeFkvu_7E3marDEps.jpeg,Hands Washing Class for Kids,"Our soap is very interactive, we will have bowls for kids to wash their hands with SoaPen and stencils to help create a fun drawing.",Fun Skills,New York,$50.00,5,100
pop-up-diy-plant-based-gel-manicure-salon,https://assets-global.website-files.com/64efa831383dfe702db152da/64f662417cbffebac1444401_l2GKrrNPavp6ddBw4nY55w_Jj8YrmBTRlJQxOi8NOiGXH5bJG_v8j-ccUJg_IJOcCx9U7de_nsh3tVDPfis0U2WsSXA_Mvsbus_XM8h29-WmmkECGIGP8TcBtBgpA5uiYtntPou7tS_wuProgvn3_E_IIzYc5JarUwR0pj4gpjk.jpeg,Pop-up DIY Plant-Based Gel Manicure Salon,"Discover eco-luxury with Julie, the founder of Lilaque. Get personalized guidance as you learn how to do your own gel manicure using our plant-based gels. Ideal for eco-conscious beauty lovers. All materials and expert guidance included.",Fun Skills,San Francisco,$60.00,5,20
mood-and-scent-connection-workshop,https://assets-global.website-files.com/64efa831383dfe702db152da/64f6623932769506efeb616d_Z29-HoSJHMFnoFYecBWwNE1wt9xgN2RRbSrLXh-Fm8T35IjhqIi2dbpKg0UH07-8P7FW_PrdnKYc_iXP9QFucsNv-EnJuVS5YCEh78ifdUJLHVSeEY6C9ENDKTFLhO-eg3qfLav5p0dASLojySaFQ8TqJ7cMLDr0i-UHTCE42AE.jpeg,Mood and Scent Connection Workshop,"Have you ever noticed scents can have a powerful impact on our mood and overall sense of well-being? For example, lavender is known for its calming and relaxing properties. Citrus scents, like lemongrass and orange, can help uplift and energize. Minty scents, like peppermint, can help wake you up and improve focus. But how does it actually work?
 

 Join Shannon Aydar, Chief Formulator for kolorÃ© skincare, to experience this powerful science firsthand using Virtuoso Energizing Body Oil and MÃ©lodie Revitalizing Facial Oil to help positively impact your mood.",Wellness,San Francisco,$120.00,5,10
mood-boosting-gua-sha-experience,https://assets-global.website-files.com/64efa831383dfe702db152da/64f6623ba441c5bd8579812e_H2ol0x-iySzj3iSRrw2KPAdi9tNiJXiSFYBR7geWj32OGjtftI9rR_KgSRjexzkR1IOHwfHYZ4Qn4_lBuEA36rl2n9aiPTz3uMaxcmoZsrqYA4nCds35PnCfFw2Vr3WqUz3lxCc8BHijz47gyTM3tuSiN7UiMsNJGHVK8Bkmknk.jpeg,Mood-boosting Gua Sha Experience,"Are you ready to unlock the secret to a brighter, smoother and more even complexion? Come join the founder of kolorÃ© skincare, Shannon Aydar, for a live event centered on the amazing technique of Gua Sha!
 

 During this event, we'll be using MelodiÃ© Revitalizing Facial oil to create a truly immersive and mood-boosting Gua Sha experience. You'll learn how to properly hold the Gua Sha tool to release tension, promote lymphatic drainage and improve circulation in your face and neck. Implemented regularly, this technique will help reduce puffiness and inflammation in the skin, resulting in a radiant glow and more even complexion.
 

 This will be a fun and engaging event you donâ€™t want to miss! Come with a clean face and be ready to up-level your skincare game as you master the transformative treatment taking the skincare world by storm.",Wellness,San Francisco,$120.00,5,10
